playerName,playercountry,teamid,slug_country,tournament,leagueid,slug_torn,teamName,teamslug,teamorigin
Germán Berterame,Mexico,1932,mexico,"Liga MX, Apertura",11621,liga-mx-apertura,CF Monterrey,cf-monterrey,mexico
Roberto de la Rosa,Mexico,1932,mexico,"Liga MX, Apertura",11621,liga-mx-apertura,CF Monterrey,cf-monterrey,mexico
Lucas Ocampos,Argentina,1932,mexico,"Liga MX, Apertura",11621,liga-mx-apertura,CF Monterrey,cf-monterrey,mexico
Sergio Canales,Spain,1932,mexico,"Liga MX, Apertura",11621,liga-mx-apertura,CF Monterrey,cf-monterrey,mexico
Jesús Corona,Mexico,1932,mexico,"Liga MX, Apertura",11621,liga-mx-apertura,CF Monterrey,cf-monterrey,mexico
Óliver Torres,Spain,1932,mexico,"Liga MX, Apertura",11621,liga-mx-apertura,CF Monterrey,cf-monterrey,mexico
Jorge Rodríguez,Argentina,1932,mexico,"Liga MX, Apertura",11621,liga-mx-apertura,CF Monterrey,cf-monterrey,mexico
Fidel Ambríz,Mexico,1932,mexico,"Liga MX, Apertura",11621,liga-mx-apertura,CF Monterrey,cf-monterrey,mexico
Iker Fimbres,Mexico,1932,mexico,"Liga MX, Apertura",11621,liga-mx-apertura,CF Monterrey,cf-monterrey,mexico
Michell Rodríguez,Mexico,1932,mexico,"Liga MX, Apertura",11621,liga-mx-apertura,CF Monterrey,cf-monterrey,mexico
Pedro Jair Ramírez Orta,Mexico,1932,mexico,"Liga MX, Apertura",11621,liga-mx-apertura,CF Monterrey,cf-monterrey,mexico
Sergio Ramos,Spain,1932,mexico,"Liga MX, Apertura",11621,liga-mx-apertura,CF Monterrey,cf-monterrey,mexico
Gerardo Arteaga,Mexico,1932,mexico,"Liga MX, Apertura",11621,liga-mx-apertura,CF Monterrey,cf-monterrey,mexico
Stefan Medina,Colombia,1932,mexico,"Liga MX, Apertura",11621,liga-mx-apertura,CF Monterrey,cf-monterrey,mexico
Héctor Moreno,Mexico,1932,mexico,"Liga MX, Apertura",11621,liga-mx-apertura,CF Monterrey,cf-monterrey,mexico
Victor Guzmán,Mexico,1932,mexico,"Liga MX, Apertura",11621,liga-mx-apertura,CF Monterrey,cf-monterrey,mexico
Carlos Salcedo,Mexico,1932,mexico,"Liga MX, Apertura",11621,liga-mx-apertura,CF Monterrey,cf-monterrey,mexico
Érick Aguirre,Mexico,1932,mexico,"Liga MX, Apertura",11621,liga-mx-apertura,CF Monterrey,cf-monterrey,mexico
Antonio Leone,Mexico,1932,mexico,"Liga MX, Apertura",11621,liga-mx-apertura,CF Monterrey,cf-monterrey,mexico
Luis Reyes,Mexico,1932,mexico,"Liga MX, Apertura",11621,liga-mx-apertura,CF Monterrey,cf-monterrey,mexico
Ricardo Chávez,Mexico,1932,mexico,"Liga MX, Apertura",11621,liga-mx-apertura,CF Monterrey,cf-monterrey,mexico
César Bustos,Mexico,1932,mexico,"Liga MX, Apertura",11621,liga-mx-apertura,CF Monterrey,cf-monterrey,mexico
Luis Sanchez,Mexico,1932,mexico,"Liga MX, Apertura",11621,liga-mx-apertura,CF Monterrey,cf-monterrey,mexico
Santiago Mele,Uruguay,1932,mexico,"Liga MX, Apertura",11621,liga-mx-apertura,CF Monterrey,cf-monterrey,mexico
Luis Cárdenas,Mexico,1932,mexico,"Liga MX, Apertura",11621,liga-mx-apertura,CF Monterrey,cf-monterrey,mexico
Santiago Perez-Meraz,Mexico,1932,mexico,"Liga MX, Apertura",11621,liga-mx-apertura,CF Monterrey,cf-monterrey,mexico
Allan Saint-Maximin,France,1939,mexico,"Liga MX, Apertura",11621,liga-mx-apertura,Club América,club-america,mexico
Henry Martín,Mexico,1939,mexico,"Liga MX, Apertura",11621,liga-mx-apertura,Club América,club-america,mexico
Víctor Dávila,Chile,1939,mexico,"Liga MX, Apertura",11621,liga-mx-apertura,Club América,club-america,mexico
Rodrigo Aguirre,Uruguay,1939,mexico,"Liga MX, Apertura",11621,liga-mx-apertura,Club América,club-america,mexico
Raúl Zúñiga,Colombia,1939,mexico,"Liga MX, Apertura",11621,liga-mx-apertura,Club América,club-america,mexico
Javairô Dilrosun,Netherlands,1939,mexico,"Liga MX, Apertura",11621,liga-mx-apertura,Club América,club-america,mexico
Brian Rodríguez,Uruguay,1939,mexico,"Liga MX, Apertura",11621,liga-mx-apertura,Club América,club-america,mexico
Alejandro Zendejas,USA,1939,mexico,"Liga MX, Apertura",11621,liga-mx-apertura,Club América,club-america,mexico
Álvaro Fidalgo,Spain,1939,mexico,"Liga MX, Apertura",11621,liga-mx-apertura,Club América,club-america,mexico
Erick Sánchez,Mexico,1939,mexico,"Liga MX, Apertura",11621,liga-mx-apertura,Club América,club-america,mexico
Jonathan Dos Santos,Mexico,1939,mexico,"Liga MX, Apertura",11621,liga-mx-apertura,Club América,club-america,mexico
Isaías Violante,Mexico,1939,mexico,"Liga MX, Apertura",11621,liga-mx-apertura,Club América,club-america,mexico
Alan Cervantes,Mexico,1939,mexico,"Liga MX, Apertura",11621,liga-mx-apertura,Club América,club-america,mexico
Alexis Gutiérrez,Mexico,1939,mexico,"Liga MX, Apertura",11621,liga-mx-apertura,Club América,club-america,mexico
Santiago Naveda,Mexico,1939,mexico,"Liga MX, Apertura",11621,liga-mx-apertura,Club América,club-america,mexico
Osvaldo Arriaga,Mexico,1939,mexico,"Liga MX, Apertura",11621,liga-mx-apertura,Club América,club-america,mexico
Cristián Borja,Colombia,1939,mexico,"Liga MX, Apertura",11621,liga-mx-apertura,Club América,club-america,mexico
Sebastián Cáceres,Uruguay,1939,mexico,"Liga MX, Apertura",11621,liga-mx-apertura,Club América,club-america,mexico
Igor Lichnovsky,Chile,1939,mexico,"Liga MX, Apertura",11621,liga-mx-apertura,Club América,club-america,mexico
Israel Reyes,Mexico,1939,mexico,"Liga MX, Apertura",11621,liga-mx-apertura,Club América,club-america,mexico
Kevin Álvarez,Mexico,1939,mexico,"Liga MX, Apertura",11621,liga-mx-apertura,Club América,club-america,mexico
Ramón Juárez,Mexico,1939,mexico,"Liga MX, Apertura",11621,liga-mx-apertura,Club América,club-america,mexico
Néstor Araujo,Mexico,1939,mexico,"Liga MX, Apertura",11621,liga-mx-apertura,Club América,club-america,mexico
Emilio Lara,Mexico,1939,mexico,"Liga MX, Apertura",11621,liga-mx-apertura,Club América,club-america,mexico
Dagoberto Espinoza,Mexico,1939,mexico,"Liga MX, Apertura",11621,liga-mx-apertura,Club América,club-america,mexico
Miguel Vazquez,Mexico,1939,mexico,"Liga MX, Apertura",11621,liga-mx-apertura,Club América,club-america,mexico
Ralph Orquin,Mexico,1939,mexico,"Liga MX, Apertura",11621,liga-mx-apertura,Club América,club-america,mexico
Luis Malagón,Mexico,1939,mexico,"Liga MX, Apertura",11621,liga-mx-apertura,Club América,club-america,mexico
Rodolfo Cota,Mexico,1939,mexico,"Liga MX, Apertura",11621,liga-mx-apertura,Club América,club-america,mexico
Óscar Jiménez,Mexico,1939,mexico,"Liga MX, Apertura",11621,liga-mx-apertura,Club América,club-america,mexico
Luka Romero,Argentina,1947,mexico,"Liga MX, Apertura",11621,liga-mx-apertura,Cruz Azul,cruz-azul,mexico
Mateusz Bogusz,Poland,1947,mexico,"Liga MX, Apertura",11621,liga-mx-apertura,Cruz Azul,cruz-azul,mexico
Ángel Sepúlveda,Mexico,1947,mexico,"Liga MX, Apertura",11621,liga-mx-apertura,Cruz Azul,cruz-azul,mexico
José Paradela,Argentina,1947,mexico,"Liga MX, Apertura",11621,liga-mx-apertura,Cruz Azul,cruz-azul,mexico
Gabriel Fernández,Uruguay,1947,mexico,"Liga MX, Apertura",11621,liga-mx-apertura,Cruz Azul,cruz-azul,mexico
Bryan Gamboa,Mexico,1947,mexico,"Liga MX, Apertura",11621,liga-mx-apertura,Cruz Azul,cruz-azul,mexico
Fernando Sámano,Mexico,1947,mexico,"Liga MX, Apertura",11621,liga-mx-apertura,Cruz Azul,cruz-azul,mexico
Carlos Rotondi,Argentina,1947,mexico,"Liga MX, Apertura",11621,liga-mx-apertura,Cruz Azul,cruz-azul,mexico
Carlos Rodríguez,Mexico,1947,mexico,"Liga MX, Apertura",11621,liga-mx-apertura,Cruz Azul,cruz-azul,mexico
José Rivero,Uruguay,1947,mexico,"Liga MX, Apertura",11621,liga-mx-apertura,Cruz Azul,cruz-azul,mexico
Lorenzo Faravelli,Argentina,1947,mexico,"Liga MX, Apertura",11621,liga-mx-apertura,Cruz Azul,cruz-azul,mexico
Amaury Morales,Mexico,1947,mexico,"Liga MX, Apertura",11621,liga-mx-apertura,Cruz Azul,cruz-azul,mexico
Jeremy Márquez,Mexico,1947,mexico,"Liga MX, Apertura",11621,liga-mx-apertura,Cruz Azul,cruz-azul,mexico
Andres Montaño,Mexico,1947,mexico,"Liga MX, Apertura",11621,liga-mx-apertura,Cruz Azul,cruz-azul,mexico
Amaury Garcia Moreno,Mexico,1947,mexico,"Liga MX, Apertura",11621,liga-mx-apertura,Cruz Azul,cruz-azul,mexico
Cristian Jiménez,Mexico,1947,mexico,"Liga MX, Apertura",11621,liga-mx-apertura,Cruz Azul,cruz-azul,mexico
Jorge Sánchez,Mexico,1947,mexico,"Liga MX, Apertura",11621,liga-mx-apertura,Cruz Azul,cruz-azul,mexico
Willer Ditta,Colombia,1947,mexico,"Liga MX, Apertura",11621,liga-mx-apertura,Cruz Azul,cruz-azul,mexico
Jesús Orozco,Mexico,1947,mexico,"Liga MX, Apertura",11621,liga-mx-apertura,Cruz Azul,cruz-azul,mexico
Erik Lira,Mexico,1947,mexico,"Liga MX, Apertura",11621,liga-mx-apertura,Cruz Azul,cruz-azul,mexico
Gonzalo Piovi,Argentina,1947,mexico,"Liga MX, Apertura",11621,liga-mx-apertura,Cruz Azul,cruz-azul,mexico
Omar Campos,Mexico,1947,mexico,"Liga MX, Apertura",11621,liga-mx-apertura,Cruz Azul,cruz-azul,mexico
Carlos Vargas,Mexico,1947,mexico,"Liga MX, Apertura",11621,liga-mx-apertura,Cruz Azul,cruz-azul,mexico
Raymundo Rubio,Mexico,1947,mexico,"Liga MX, Apertura",11621,liga-mx-apertura,Cruz Azul,cruz-azul,mexico
Kevin Mier,Colombia,1947,mexico,"Liga MX, Apertura",11621,liga-mx-apertura,Cruz Azul,cruz-azul,mexico
Emmanuel Ochoa,Mexico,1947,mexico,"Liga MX, Apertura",11621,liga-mx-apertura,Cruz Azul,cruz-azul,mexico
Andrés Gudiño,Mexico,1947,mexico,"Liga MX, Apertura",11621,liga-mx-apertura,Cruz Azul,cruz-azul,mexico
Ángel Correa,Argentina,1940,mexico,"Liga MX, Apertura",11621,liga-mx-apertura,Tigres UANL,tigres-uanl,mexico
André-Pierre Gignac,France,1940,mexico,"Liga MX, Apertura",11621,liga-mx-apertura,Tigres UANL,tigres-uanl,mexico
Uriel Antuna,Mexico,1940,mexico,"Liga MX, Apertura",11621,liga-mx-apertura,Tigres UANL,tigres-uanl,mexico
Nicolás Ibáñez,Argentina,1940,mexico,"Liga MX, Apertura",11621,liga-mx-apertura,Tigres UANL,tigres-uanl,mexico
Ozziel Herrera,Mexico,1940,mexico,"Liga MX, Apertura",11621,liga-mx-apertura,Tigres UANL,tigres-uanl,mexico
Ivan López,Mexico,1940,mexico,"Liga MX, Apertura",11621,liga-mx-apertura,Tigres UANL,tigres-uanl,mexico
Diego Lainez,Mexico,1940,mexico,"Liga MX, Apertura",11621,liga-mx-apertura,Tigres UANL,tigres-uanl,mexico
Juan Brunetta,Argentina,1940,mexico,"Liga MX, Apertura",11621,liga-mx-apertura,Tigres UANL,tigres-uanl,mexico
Marcelo Flores,Mexico,1940,mexico,"Liga MX, Apertura",11621,liga-mx-apertura,Tigres UANL,tigres-uanl,mexico
Sebastián Córdova,Mexico,1940,mexico,"Liga MX, Apertura",11621,liga-mx-apertura,Tigres UANL,tigres-uanl,mexico
Fernando Gorriarán,Uruguay,1940,mexico,"Liga MX, Apertura",11621,liga-mx-apertura,Tigres UANL,tigres-uanl,mexico
Rômulo Zwarg,Brazil,1940,mexico,"Liga MX, Apertura",11621,liga-mx-apertura,Tigres UANL,tigres-uanl,mexico
Eugenio Pizzuto,Mexico,1940,mexico,"Liga MX, Apertura",11621,liga-mx-apertura,Tigres UANL,tigres-uanl,mexico
Juan Vigón,Mexico,1940,mexico,"Liga MX, Apertura",11621,liga-mx-apertura,Tigres UANL,tigres-uanl,mexico
Bernardo Parra,Mexico,1940,mexico,"Liga MX, Apertura",11621,liga-mx-apertura,Tigres UANL,tigres-uanl,mexico
Joaquim,Brazil,1940,mexico,"Liga MX, Apertura",11621,liga-mx-apertura,Tigres UANL,tigres-uanl,mexico
Jesús Angulo,Mexico,1940,mexico,"Liga MX, Apertura",11621,liga-mx-apertura,Tigres UANL,tigres-uanl,mexico
Javier Aquino,Mexico,1940,mexico,"Liga MX, Apertura",11621,liga-mx-apertura,Tigres UANL,tigres-uanl,mexico
Juan José Purata,Mexico,1940,mexico,"Liga MX, Apertura",11621,liga-mx-apertura,Tigres UANL,tigres-uanl,mexico
Jesus Garza,Mexico,1940,mexico,"Liga MX, Apertura",11621,liga-mx-apertura,Tigres UANL,tigres-uanl,mexico
Marco Farfan,USA,1940,mexico,"Liga MX, Apertura",11621,liga-mx-apertura,Tigres UANL,tigres-uanl,mexico
Rafael Guerrero,Mexico,1940,mexico,"Liga MX, Apertura",11621,liga-mx-apertura,Tigres UANL,tigres-uanl,mexico
Vladimir Loroña,Mexico,1940,mexico,"Liga MX, Apertura",11621,liga-mx-apertura,Tigres UANL,tigres-uanl,mexico
Osvaldo Rodríguez,Mexico,1940,mexico,"Liga MX, Apertura",11621,liga-mx-apertura,Tigres UANL,tigres-uanl,mexico
Eduardo Tercero,Mexico,1940,mexico,"Liga MX, Apertura",11621,liga-mx-apertura,Tigres UANL,tigres-uanl,mexico
Fernando Ordonez,Mexico,1940,mexico,"Liga MX, Apertura",11621,liga-mx-apertura,Tigres UANL,tigres-uanl,mexico
Nahuel Guzmán,Argentina,1940,mexico,"Liga MX, Apertura",11621,liga-mx-apertura,Tigres UANL,tigres-uanl,mexico
Fernando Tapia,Mexico,1940,mexico,"Liga MX, Apertura",11621,liga-mx-apertura,Tigres UANL,tigres-uanl,mexico
Antonio Carrera,USA,1940,mexico,"Liga MX, Apertura",11621,liga-mx-apertura,Tigres UANL,tigres-uanl,mexico
Carlos Rodríguez,Mexico,1940,mexico,"Liga MX, Apertura",11621,liga-mx-apertura,Tigres UANL,tigres-uanl,mexico
Paulinho,Portugal,1931,mexico,"Liga MX, Apertura",11621,liga-mx-apertura,CD Toluca,deportivo-toluca-fc,mexico
Robert Morales,Paraguay,1931,mexico,"Liga MX, Apertura",11621,liga-mx-apertura,CD Toluca,deportivo-toluca-fc,mexico
Alek Álvarez,Mexico,1931,mexico,"Liga MX, Apertura",11621,liga-mx-apertura,CD Toluca,deportivo-toluca-fc,mexico
Oswaldo Virgen,Mexico,1931,mexico,"Liga MX, Apertura",11621,liga-mx-apertura,CD Toluca,deportivo-toluca-fc,mexico
Alexis Vega,Mexico,1931,mexico,"Liga MX, Apertura",11621,liga-mx-apertura,CD Toluca,deportivo-toluca-fc,mexico
Héctor Herrera,Mexico,1931,mexico,"Liga MX, Apertura",11621,liga-mx-apertura,CD Toluca,deportivo-toluca-fc,mexico
Helinho,Brazil,1931,mexico,"Liga MX, Apertura",11621,liga-mx-apertura,CD Toluca,deportivo-toluca-fc,mexico
Marcel Ruíz,Mexico,1931,mexico,"Liga MX, Apertura",11621,liga-mx-apertura,CD Toluca,deportivo-toluca-fc,mexico
Santiago Simón,Argentina,1931,mexico,"Liga MX, Apertura",11621,liga-mx-apertura,CD Toluca,deportivo-toluca-fc,mexico
Nicolás Castro,Argentina,1931,mexico,"Liga MX, Apertura",11621,liga-mx-apertura,CD Toluca,deportivo-toluca-fc,mexico
Jesús Ricardo Angulo,Mexico,1931,mexico,"Liga MX, Apertura",11621,liga-mx-apertura,CD Toluca,deportivo-toluca-fc,mexico
Franco Romero,Argentina,1931,mexico,"Liga MX, Apertura",11621,liga-mx-apertura,CD Toluca,deportivo-toluca-fc,mexico
Juan Dominguez,Mexico,1931,mexico,"Liga MX, Apertura",11621,liga-mx-apertura,CD Toluca,deportivo-toluca-fc,mexico
Fernando Arce Juárez,USA,1931,mexico,"Liga MX, Apertura",11621,liga-mx-apertura,CD Toluca,deportivo-toluca-fc,mexico
Bruno Méndez,Uruguay,1931,mexico,"Liga MX, Apertura",11621,liga-mx-apertura,CD Toluca,deportivo-toluca-fc,mexico
Luan Garcia,Brazil,1931,mexico,"Liga MX, Apertura",11621,liga-mx-apertura,CD Toluca,deportivo-toluca-fc,mexico
Jesús Gallardo,Mexico,1931,mexico,"Liga MX, Apertura",11621,liga-mx-apertura,CD Toluca,deportivo-toluca-fc,mexico
Federico Pereira,Uruguay,1931,mexico,"Liga MX, Apertura",11621,liga-mx-apertura,CD Toluca,deportivo-toluca-fc,mexico
Antonio Briseño,Mexico,1931,mexico,"Liga MX, Apertura",11621,liga-mx-apertura,CD Toluca,deportivo-toluca-fc,mexico
Diego Barbosa,Mexico,1931,mexico,"Liga MX, Apertura",11621,liga-mx-apertura,CD Toluca,deportivo-toluca-fc,mexico
Mauricio Andre Isais,Mexico,1931,mexico,"Liga MX, Apertura",11621,liga-mx-apertura,CD Toluca,deportivo-toluca-fc,mexico
Everardo López,Mexico,1931,mexico,"Liga MX, Apertura",11621,liga-mx-apertura,CD Toluca,deportivo-toluca-fc,mexico
Wanderson Barros de Sousa,Brazil,1931,mexico,"Liga MX, Apertura",11621,liga-mx-apertura,CD Toluca,deportivo-toluca-fc,mexico
Hugo Gonzalez,Mexico,1931,mexico,"Liga MX, Apertura",11621,liga-mx-apertura,CD Toluca,deportivo-toluca-fc,mexico
Luis García,Mexico,1931,mexico,"Liga MX, Apertura",11621,liga-mx-apertura,CD Toluca,deportivo-toluca-fc,mexico
Jose Estrada,Mexico,1931,mexico,"Liga MX, Apertura",11621,liga-mx-apertura,CD Toluca,deportivo-toluca-fc,mexico
Jhonder Cádiz,Venezuela,1936,mexico,"Liga MX, Apertura",11621,liga-mx-apertura,CF Pachuca,cf-pachuca,mexico
Kenedy,Brazil,1936,mexico,"Liga MX, Apertura",11621,liga-mx-apertura,CF Pachuca,cf-pachuca,mexico
Luis Quiñones,Colombia,1936,mexico,"Liga MX, Apertura",11621,liga-mx-apertura,CF Pachuca,cf-pachuca,mexico
Illian Hernandez,Mexico,1936,mexico,"Liga MX, Apertura",11621,liga-mx-apertura,CF Pachuca,cf-pachuca,mexico
Daniel Méndez,Guatemala,1936,mexico,"Liga MX, Apertura",11621,liga-mx-apertura,CF Pachuca,cf-pachuca,mexico
Oussama Idrissi,Morocco,1936,mexico,"Liga MX, Apertura",11621,liga-mx-apertura,CF Pachuca,cf-pachuca,mexico
William Carvalho,Portugal,1936,mexico,"Liga MX, Apertura",11621,liga-mx-apertura,CF Pachuca,cf-pachuca,mexico
Elías Montiel,Mexico,1936,mexico,"Liga MX, Apertura",11621,liga-mx-apertura,CF Pachuca,cf-pachuca,mexico
Víctor Guzmán,Mexico,1936,mexico,"Liga MX, Apertura",11621,liga-mx-apertura,CF Pachuca,cf-pachuca,mexico
Alexei Domínguez,Mexico,1936,mexico,"Liga MX, Apertura",11621,liga-mx-apertura,CF Pachuca,cf-pachuca,mexico
Gastón Togni,Argentina,1936,mexico,"Liga MX, Apertura",11621,liga-mx-apertura,CF Pachuca,cf-pachuca,mexico
Javier López,Mexico,1936,mexico,"Liga MX, Apertura",11621,liga-mx-apertura,CF Pachuca,cf-pachuca,mexico
Alan Bautista,Mexico,1936,mexico,"Liga MX, Apertura",11621,liga-mx-apertura,CF Pachuca,cf-pachuca,mexico
Pedro Pedraza,Mexico,1936,mexico,"Liga MX, Apertura",11621,liga-mx-apertura,CF Pachuca,cf-pachuca,mexico
Juan Sigala,Mexico,1936,mexico,"Liga MX, Apertura",11621,liga-mx-apertura,CF Pachuca,cf-pachuca,mexico
Israel Luna,Mexico,1936,mexico,"Liga MX, Apertura",11621,liga-mx-apertura,CF Pachuca,cf-pachuca,mexico
Ari Contreras,Mexico,1936,mexico,"Liga MX, Apertura",11621,liga-mx-apertura,CF Pachuca,cf-pachuca,mexico
Sergio Rodríguez,Mexico,1936,mexico,"Liga MX, Apertura",11621,liga-mx-apertura,CF Pachuca,cf-pachuca,mexico
Eduardo Bauermann,Brazil,1936,mexico,"Liga MX, Apertura",11621,liga-mx-apertura,CF Pachuca,cf-pachuca,mexico
Daniel Aceves,Mexico,1936,mexico,"Liga MX, Apertura",11621,liga-mx-apertura,CF Pachuca,cf-pachuca,mexico
Andres Micolta,Ecuador,1936,mexico,"Liga MX, Apertura",11621,liga-mx-apertura,CF Pachuca,cf-pachuca,mexico
Sergio Barreto,Argentina,1936,mexico,"Liga MX, Apertura",11621,liga-mx-apertura,CF Pachuca,cf-pachuca,mexico
Luís Rodríguez,Mexico,1936,mexico,"Liga MX, Apertura",11621,liga-mx-apertura,CF Pachuca,cf-pachuca,mexico
Brian García,Mexico,1936,mexico,"Liga MX, Apertura",11621,liga-mx-apertura,CF Pachuca,cf-pachuca,mexico
Carlos Sánchez,Mexico,1936,mexico,"Liga MX, Apertura",11621,liga-mx-apertura,CF Pachuca,cf-pachuca,mexico
Jorge Berlanga,Mexico,1936,mexico,"Liga MX, Apertura",11621,liga-mx-apertura,CF Pachuca,cf-pachuca,mexico
Carlos Moreno,Mexico,1936,mexico,"Liga MX, Apertura",11621,liga-mx-apertura,CF Pachuca,cf-pachuca,mexico
Jose Eulogio,Mexico,1936,mexico,"Liga MX, Apertura",11621,liga-mx-apertura,CF Pachuca,cf-pachuca,mexico
Shamar Nicholson,Jamaica,36525,mexico,"Liga MX, Apertura",11621,liga-mx-apertura,Club Tijuana,club-tijuana,mexico
Vitinho,Brazil,36525,mexico,"Liga MX, Apertura",11621,liga-mx-apertura,Club Tijuana,club-tijuana,mexico
Adonis Preciado,Ecuador,36525,mexico,"Liga MX, Apertura",11621,liga-mx-apertura,Club Tijuana,club-tijuana,mexico
Ramiro Árciga,Mexico,36525,mexico,"Liga MX, Apertura",11621,liga-mx-apertura,Club Tijuana,club-tijuana,mexico
Gilberto Mora,Mexico,36525,mexico,"Liga MX, Apertura",11621,liga-mx-apertura,Club Tijuana,club-tijuana,mexico
Kevin Castañeda,Mexico,36525,mexico,"Liga MX, Apertura",11621,liga-mx-apertura,Club Tijuana,club-tijuana,mexico
Frank Boya,Cameroon,36525,mexico,"Liga MX, Apertura",11621,liga-mx-apertura,Club Tijuana,club-tijuana,mexico
Domingo Blanco,Argentina,36525,mexico,"Liga MX, Apertura",11621,liga-mx-apertura,Club Tijuana,club-tijuana,mexico
Kevin Escamilla,Mexico,36525,mexico,"Liga MX, Apertura",11621,liga-mx-apertura,Club Tijuana,club-tijuana,mexico
Iván Tona,Mexico,36525,mexico,"Liga MX, Apertura",11621,liga-mx-apertura,Club Tijuana,club-tijuana,mexico
Joe Corona,USA,36525,mexico,"Liga MX, Apertura",11621,liga-mx-apertura,Club Tijuana,club-tijuana,mexico
Fernando Madrigal,Mexico,36525,mexico,"Liga MX, Apertura",11621,liga-mx-apertura,Club Tijuana,club-tijuana,mexico
Jackson Porozo,Ecuador,36525,mexico,"Liga MX, Apertura",11621,liga-mx-apertura,Club Tijuana,club-tijuana,mexico
Unai Bilbao,Spain,36525,mexico,"Liga MX, Apertura",11621,liga-mx-apertura,Club Tijuana,club-tijuana,mexico
Jesús Gómez,Mexico,36525,mexico,"Liga MX, Apertura",11621,liga-mx-apertura,Club Tijuana,club-tijuana,mexico
Rafael Fernández,Mexico,36525,mexico,"Liga MX, Apertura",11621,liga-mx-apertura,Club Tijuana,club-tijuana,mexico
Jesús Vega,Mexico,36525,mexico,"Liga MX, Apertura",11621,liga-mx-apertura,Club Tijuana,club-tijuana,mexico
Ramiro Franco,Mexico,36525,mexico,"Liga MX, Apertura",11621,liga-mx-apertura,Club Tijuana,club-tijuana,mexico
Aarón Mejía,Mexico,36525,mexico,"Liga MX, Apertura",11621,liga-mx-apertura,Club Tijuana,club-tijuana,mexico
Pablo Nicolás Ortíz,Mexico,36525,mexico,"Liga MX, Apertura",11621,liga-mx-apertura,Club Tijuana,club-tijuana,mexico
Francisco Contreras,Mexico,36525,mexico,"Liga MX, Apertura",11621,liga-mx-apertura,Club Tijuana,club-tijuana,mexico
Josué Reyes,Mexico,36525,mexico,"Liga MX, Apertura",11621,liga-mx-apertura,Club Tijuana,club-tijuana,mexico
David Osuna,Mexico,36525,mexico,"Liga MX, Apertura",11621,liga-mx-apertura,Club Tijuana,club-tijuana,mexico
Jesús Corona,Mexico,36525,mexico,"Liga MX, Apertura",11621,liga-mx-apertura,Club Tijuana,club-tijuana,mexico
Antonio Rodríguez,Mexico,36525,mexico,"Liga MX, Apertura",11621,liga-mx-apertura,Club Tijuana,club-tijuana,mexico
Jorge Hernández,Mexico,36525,mexico,"Liga MX, Apertura",11621,liga-mx-apertura,Club Tijuana,club-tijuana,mexico
Óscar Estupiñán,Colombia,201624,mexico,"Liga MX, Apertura",11621,liga-mx-apertura,FC Juárez,fc-juarez,mexico
Angel Zaldívar,Mexico,201624,mexico,"Liga MX, Apertura",11621,liga-mx-apertura,FC Juárez,fc-juarez,mexico
José Luis Rodríguez,Panama,201624,mexico,"Liga MX, Apertura",11621,liga-mx-apertura,FC Juárez,fc-juarez,mexico
Rodolfo Pizarro,Mexico,201624,mexico,"Liga MX, Apertura",11621,liga-mx-apertura,FC Juárez,fc-juarez,mexico
Diego Valoyes,Colombia,201624,mexico,"Liga MX, Apertura",11621,liga-mx-apertura,FC Juárez,fc-juarez,mexico
Guilherme Castilho,Brazil,201624,mexico,"Liga MX, Apertura",11621,liga-mx-apertura,FC Juárez,fc-juarez,mexico
Madson de Souza Silva,Brazil,201624,mexico,"Liga MX, Apertura",11621,liga-mx-apertura,FC Juárez,fc-juarez,mexico
Raymundo Fulgencio,Mexico,201624,mexico,"Liga MX, Apertura",11621,liga-mx-apertura,FC Juárez,fc-juarez,mexico
Ricardinho,Portugal,201624,mexico,"Liga MX, Apertura",11621,liga-mx-apertura,FC Juárez,fc-juarez,mexico
Jairo Torres,Mexico,201624,mexico,"Liga MX, Apertura",11621,liga-mx-apertura,FC Juárez,fc-juarez,mexico
Homer Martinez,Colombia,201624,mexico,"Liga MX, Apertura",11621,liga-mx-apertura,FC Juárez,fc-juarez,mexico
Dieter Villalpando,Mexico,201624,mexico,"Liga MX, Apertura",11621,liga-mx-apertura,FC Juárez,fc-juarez,mexico
Jonathan Gonzalez,Mexico,201624,mexico,"Liga MX, Apertura",11621,liga-mx-apertura,FC Juárez,fc-juarez,mexico
Javier Salas,Mexico,201624,mexico,"Liga MX, Apertura",11621,liga-mx-apertura,FC Juárez,fc-juarez,mexico
Francisco Nevarez,Mexico,201624,mexico,"Liga MX, Apertura",11621,liga-mx-apertura,FC Juárez,fc-juarez,mexico
Moises Mosquera,Colombia,201624,mexico,"Liga MX, Apertura",11621,liga-mx-apertura,FC Juárez,fc-juarez,mexico
Jesús Murillo,Colombia,201624,mexico,"Liga MX, Apertura",11621,liga-mx-apertura,FC Juárez,fc-juarez,mexico
Denzell Garcia,Mexico,201624,mexico,"Liga MX, Apertura",11621,liga-mx-apertura,FC Juárez,fc-juarez,mexico
Diego Ochoa,Mexico,201624,mexico,"Liga MX, Apertura",11621,liga-mx-apertura,FC Juárez,fc-juarez,mexico
Alejandro Mayorga,Mexico,201624,mexico,"Liga MX, Apertura",11621,liga-mx-apertura,FC Juárez,fc-juarez,mexico
Jose Garcia,Mexico,201624,mexico,"Liga MX, Apertura",11621,liga-mx-apertura,FC Juárez,fc-juarez,mexico
Guillermo Ruiz,Spain,201624,mexico,"Liga MX, Apertura",11621,liga-mx-apertura,FC Juárez,fc-juarez,mexico
Benny Díaz,Mexico,201624,mexico,"Liga MX, Apertura",11621,liga-mx-apertura,FC Juárez,fc-juarez,mexico
Rogelio Funes Mori,Mexico,36534,mexico,"Liga MX, Apertura",11621,liga-mx-apertura,Club León,club-leon,mexico
José Alvarado,Mexico,36534,mexico,"Liga MX, Apertura",11621,liga-mx-apertura,Club León,club-leon,mexico
Ettson Ayón,Mexico,36534,mexico,"Liga MX, Apertura",11621,liga-mx-apertura,Club León,club-leon,mexico
Hector Uribe,Mexico,36534,mexico,"Liga MX, Apertura",11621,liga-mx-apertura,Club León,club-leon,mexico
James Rodríguez,Colombia,36534,mexico,"Liga MX, Apertura",11621,liga-mx-apertura,Club León,club-leon,mexico
Ismael Díaz,Panama,36534,mexico,"Liga MX, Apertura",11621,liga-mx-apertura,Club León,club-leon,mexico
Rodrigo Echeverría,Chile,36534,mexico,"Liga MX, Apertura",11621,liga-mx-apertura,Club León,club-leon,mexico
Emiliano Rigoni,Argentina,36534,mexico,"Liga MX, Apertura",11621,liga-mx-apertura,Club León,club-leon,mexico
Nicolas Fonseca,Uruguay,36534,mexico,"Liga MX, Apertura",11621,liga-mx-apertura,Club León,club-leon,mexico
Daniel Arcila,Colombia,36534,mexico,"Liga MX, Apertura",11621,liga-mx-apertura,Club León,club-leon,mexico
Fernando Beltrán,Mexico,36534,mexico,"Liga MX, Apertura",11621,liga-mx-apertura,Club León,club-leon,mexico
Jordi Cortizo,Mexico,36534,mexico,"Liga MX, Apertura",11621,liga-mx-apertura,Club León,club-leon,mexico
Emilio Rodriguez,Mexico,36534,mexico,"Liga MX, Apertura",11621,liga-mx-apertura,Club León,club-leon,mexico
Carlos Cisneros,Mexico,36534,mexico,"Liga MX, Apertura",11621,liga-mx-apertura,Club León,club-leon,mexico
Ángel Estrada,Mexico,36534,mexico,"Liga MX, Apertura",11621,liga-mx-apertura,Club León,club-leon,mexico
David Ramírez,Mexico,36534,mexico,"Liga MX, Apertura",11621,liga-mx-apertura,Club León,club-leon,mexico
Gael Garcia,Mexico,36534,mexico,"Liga MX, Apertura",11621,liga-mx-apertura,Club León,club-leon,mexico
Adonis Frías,Argentina,36534,mexico,"Liga MX, Apertura",11621,liga-mx-apertura,Club León,club-leon,mexico
Stiven Barreiro,Colombia,36534,mexico,"Liga MX, Apertura",11621,liga-mx-apertura,Club León,club-leon,mexico
Salvador Reyes,Mexico,36534,mexico,"Liga MX, Apertura",11621,liga-mx-apertura,Club León,club-leon,mexico
Valentin Gauthier,Uruguay,36534,mexico,"Liga MX, Apertura",11621,liga-mx-apertura,Club León,club-leon,mexico
Paolo Medina,Mexico,36534,mexico,"Liga MX, Apertura",11621,liga-mx-apertura,Club León,club-leon,mexico
Sebastián Santos,Mexico,36534,mexico,"Liga MX, Apertura",11621,liga-mx-apertura,Club León,club-leon,mexico
Iván Moreno,Mexico,36534,mexico,"Liga MX, Apertura",11621,liga-mx-apertura,Club León,club-leon,mexico
Paul Bellón,Mexico,36534,mexico,"Liga MX, Apertura",11621,liga-mx-apertura,Club León,club-leon,mexico
Óscar Villa,Mexico,36534,mexico,"Liga MX, Apertura",11621,liga-mx-apertura,Club León,club-leon,mexico
Diego Luna,Mexico,36534,mexico,"Liga MX, Apertura",11621,liga-mx-apertura,Club León,club-leon,mexico
Oscar García,Mexico,36534,mexico,"Liga MX, Apertura",11621,liga-mx-apertura,Club León,club-leon,mexico
Alfonso Blanco,Mexico,36534,mexico,"Liga MX, Apertura",11621,liga-mx-apertura,Club León,club-leon,mexico
Guillermo Martínez,Mexico,1933,mexico,"Liga MX, Apertura",11621,liga-mx-apertura,Pumas UNAM,pumas-unam,mexico
José Juan Macías,Mexico,1933,mexico,"Liga MX, Apertura",11621,liga-mx-apertura,Pumas UNAM,pumas-unam,mexico
Santiago López,Canada,1933,mexico,"Liga MX, Apertura",11621,liga-mx-apertura,Pumas UNAM,pumas-unam,mexico
Misael Torres,Mexico,1933,mexico,"Liga MX, Apertura",11621,liga-mx-apertura,Pumas UNAM,pumas-unam,mexico
Iker Jimenez Garcia,Mexico,1933,mexico,"Liga MX, Apertura",11621,liga-mx-apertura,Pumas UNAM,pumas-unam,mexico
Piero Quispe,Peru,1933,mexico,"Liga MX, Apertura",11621,liga-mx-apertura,Pumas UNAM,pumas-unam,mexico
Aaron Ramsey,Wales,1933,mexico,"Liga MX, Apertura",11621,liga-mx-apertura,Pumas UNAM,pumas-unam,mexico
Pedro Vite,Ecuador,1933,mexico,"Liga MX, Apertura",11621,liga-mx-apertura,Pumas UNAM,pumas-unam,mexico
Adalberto Carrasquilla,Panama,1933,mexico,"Liga MX, Apertura",11621,liga-mx-apertura,Pumas UNAM,pumas-unam,mexico
Jorge Ruvalcaba,Mexico,1933,mexico,"Liga MX, Apertura",11621,liga-mx-apertura,Pumas UNAM,pumas-unam,mexico
José Caicedo,Colombia,1933,mexico,"Liga MX, Apertura",11621,liga-mx-apertura,Pumas UNAM,pumas-unam,mexico
Rodrigo Lopez,Mexico,1933,mexico,"Liga MX, Apertura",11621,liga-mx-apertura,Pumas UNAM,pumas-unam,mexico
Santiago Trigos,Mexico,1933,mexico,"Liga MX, Apertura",11621,liga-mx-apertura,Pumas UNAM,pumas-unam,mexico
Angel Jesus Rico Reyes,Mexico,1933,mexico,"Liga MX, Apertura",11621,liga-mx-apertura,Pumas UNAM,pumas-unam,mexico
Ulises Rivas,Mexico,1933,mexico,"Liga MX, Apertura",11621,liga-mx-apertura,Pumas UNAM,pumas-unam,mexico
Alan Medina,Mexico,1933,mexico,"Liga MX, Apertura",11621,liga-mx-apertura,Pumas UNAM,pumas-unam,mexico
Álvaro Angulo,Colombia,1933,mexico,"Liga MX, Apertura",11621,liga-mx-apertura,Pumas UNAM,pumas-unam,mexico
Nathan Silva,Brazil,1933,mexico,"Liga MX, Apertura",11621,liga-mx-apertura,Pumas UNAM,pumas-unam,mexico
Rubén Duarte,Spain,1933,mexico,"Liga MX, Apertura",11621,liga-mx-apertura,Pumas UNAM,pumas-unam,mexico
Pablo Monroy,Mexico,1933,mexico,"Liga MX, Apertura",11621,liga-mx-apertura,Pumas UNAM,pumas-unam,mexico
Pablo Bennevendo,Mexico,1933,mexico,"Liga MX, Apertura",11621,liga-mx-apertura,Pumas UNAM,pumas-unam,mexico
Emiliano Villaseñor,Mexico,1933,mexico,"Liga MX, Apertura",11621,liga-mx-apertura,Pumas UNAM,pumas-unam,mexico
Keylor Navas,Costa Rica,1933,mexico,"Liga MX, Apertura",11621,liga-mx-apertura,Pumas UNAM,pumas-unam,mexico
Rodrigo Parra,Mexico,1933,mexico,"Liga MX, Apertura",11621,liga-mx-apertura,Pumas UNAM,pumas-unam,mexico
Pablo Lara,Mexico,1933,mexico,"Liga MX, Apertura",11621,liga-mx-apertura,Pumas UNAM,pumas-unam,mexico
Miguel Paul,Mexico,1933,mexico,"Liga MX, Apertura",11621,liga-mx-apertura,Pumas UNAM,pumas-unam,mexico
Bruno Barticciotto,Chile,1948,mexico,"Liga MX, Apertura",11621,liga-mx-apertura,Santos Laguna,santos-laguna,mexico
Anthony Lozano,Honduras,1948,mexico,"Liga MX, Apertura",11621,liga-mx-apertura,Santos Laguna,santos-laguna,mexico
Franco Fagúndez,Uruguay,1948,mexico,"Liga MX, Apertura",11621,liga-mx-apertura,Santos Laguna,santos-laguna,mexico
Jesús Ocejo,Mexico,1948,mexico,"Liga MX, Apertura",11621,liga-mx-apertura,Santos Laguna,santos-laguna,mexico
Jordan Carrillo,Mexico,1948,mexico,"Liga MX, Apertura",11621,liga-mx-apertura,Santos Laguna,santos-laguna,mexico
Ramiro Sordo,Argentina,1948,mexico,"Liga MX, Apertura",11621,liga-mx-apertura,Santos Laguna,santos-laguna,mexico
Cristián Dájome,Colombia,1948,mexico,"Liga MX, Apertura",11621,liga-mx-apertura,Santos Laguna,santos-laguna,mexico
Kevin Palacios,Colombia,1948,mexico,"Liga MX, Apertura",11621,liga-mx-apertura,Santos Laguna,santos-laguna,mexico
Aldo Lopez,Mexico,1948,mexico,"Liga MX, Apertura",11621,liga-mx-apertura,Santos Laguna,santos-laguna,mexico
Javier Güemez,Mexico,1948,mexico,"Liga MX, Apertura",11621,liga-mx-apertura,Santos Laguna,santos-laguna,mexico
Francisco Villalba,Spain,1948,mexico,"Liga MX, Apertura",11621,liga-mx-apertura,Santos Laguna,santos-laguna,mexico
Salvador Mariscal,Mexico,1948,mexico,"Liga MX, Apertura",11621,liga-mx-apertura,Santos Laguna,santos-laguna,mexico
Diego Medina,Mexico,1948,mexico,"Liga MX, Apertura",11621,liga-mx-apertura,Santos Laguna,santos-laguna,mexico
Bruno Amione,Argentina,1948,mexico,"Liga MX, Apertura",11621,liga-mx-apertura,Santos Laguna,santos-laguna,mexico
Kevin Balanta,Colombia,1948,mexico,"Liga MX, Apertura",11621,liga-mx-apertura,Santos Laguna,santos-laguna,mexico
Haret Ortega,Mexico,1948,mexico,"Liga MX, Apertura",11621,liga-mx-apertura,Santos Laguna,santos-laguna,mexico
Emmanuel Echeverría,Mexico,1948,mexico,"Liga MX, Apertura",11621,liga-mx-apertura,Santos Laguna,santos-laguna,mexico
José Abella,Mexico,1948,mexico,"Liga MX, Apertura",11621,liga-mx-apertura,Santos Laguna,santos-laguna,mexico
Edson Gutiérrez,Mexico,1948,mexico,"Liga MX, Apertura",11621,liga-mx-apertura,Santos Laguna,santos-laguna,mexico
Ronaldo Prieto,Mexico,1948,mexico,"Liga MX, Apertura",11621,liga-mx-apertura,Santos Laguna,santos-laguna,mexico
Hugo Rodríguez,Mexico,1948,mexico,"Liga MX, Apertura",11621,liga-mx-apertura,Santos Laguna,santos-laguna,mexico
Carlos Acevedo,Mexico,1948,mexico,"Liga MX, Apertura",11621,liga-mx-apertura,Santos Laguna,santos-laguna,mexico
Hector Holguin,Mexico,1948,mexico,"Liga MX, Apertura",11621,liga-mx-apertura,Santos Laguna,santos-laguna,mexico
Fábio Gomes,Brazil,1946,mexico,"Liga MX, Apertura",11621,liga-mx-apertura,Mazatlán FC,mazatlan-fc,mexico
Nicolás Benedetti,Colombia,1946,mexico,"Liga MX, Apertura",11621,liga-mx-apertura,Mazatlán FC,mazatlan-fc,mexico
Anderson Duarte,Uruguay,1946,mexico,"Liga MX, Apertura",11621,liga-mx-apertura,Mazatlán FC,mazatlan-fc,mexico
Dudu,Brazil,1946,mexico,"Liga MX, Apertura",11621,liga-mx-apertura,Mazatlán FC,mazatlan-fc,mexico
Omar Moreno,Mexico,1946,mexico,"Liga MX, Apertura",11621,liga-mx-apertura,Mazatlán FC,mazatlan-fc,mexico
Anwar Ben Rhouma Torres,Mexico,1946,mexico,"Liga MX, Apertura",11621,liga-mx-apertura,Mazatlán FC,mazatlan-fc,mexico
Yostin Valadez Arce,Mexico,1946,mexico,"Liga MX, Apertura",11621,liga-mx-apertura,Mazatlán FC,mazatlan-fc,mexico
Gilberto Adame,Mexico,1946,mexico,"Liga MX, Apertura",11621,liga-mx-apertura,Mazatlán FC,mazatlan-fc,mexico
Yoel Bárcenas,Panama,1946,mexico,"Liga MX, Apertura",11621,liga-mx-apertura,Mazatlán FC,mazatlan-fc,mexico
Jordan Sierra,Ecuador,1946,mexico,"Liga MX, Apertura",11621,liga-mx-apertura,Mazatlán FC,mazatlan-fc,mexico
Jefferson Intriago,Ecuador,1946,mexico,"Liga MX, Apertura",11621,liga-mx-apertura,Mazatlán FC,mazatlan-fc,mexico
Sebastian Fierro,Mexico,1946,mexico,"Liga MX, Apertura",11621,liga-mx-apertura,Mazatlán FC,mazatlan-fc,mexico
Alberto Herrera,Mexico,1946,mexico,"Liga MX, Apertura",11621,liga-mx-apertura,Mazatlán FC,mazatlan-fc,mexico
Jesús Hernández,Mexico,1946,mexico,"Liga MX, Apertura",11621,liga-mx-apertura,Mazatlán FC,mazatlan-fc,mexico
Mauro Laínez,Mexico,1946,mexico,"Liga MX, Apertura",11621,liga-mx-apertura,Mazatlán FC,mazatlan-fc,mexico
Alan Torres,Mexico,1946,mexico,"Liga MX, Apertura",11621,liga-mx-apertura,Mazatlán FC,mazatlan-fc,mexico
Jorge Luis García Rivas,Mexico,1946,mexico,"Liga MX, Apertura",11621,liga-mx-apertura,Mazatlán FC,mazatlan-fc,mexico
Roberto Meraz,Mexico,1946,mexico,"Liga MX, Apertura",11621,liga-mx-apertura,Mazatlán FC,mazatlan-fc,mexico
Facundo Almada,Argentina,1946,mexico,"Liga MX, Apertura",11621,liga-mx-apertura,Mazatlán FC,mazatlan-fc,mexico
Lucas Merolla,Argentina,1946,mexico,"Liga MX, Apertura",11621,liga-mx-apertura,Mazatlán FC,mazatlan-fc,mexico
José Joaquín Esquivel,Mexico,1946,mexico,"Liga MX, Apertura",11621,liga-mx-apertura,Mazatlán FC,mazatlan-fc,mexico
Jair Díaz,Mexico,1946,mexico,"Liga MX, Apertura",11621,liga-mx-apertura,Mazatlán FC,mazatlan-fc,mexico
Bryan Colula,Mexico,1946,mexico,"Liga MX, Apertura",11621,liga-mx-apertura,Mazatlán FC,mazatlan-fc,mexico
Salvador Rodriguez,Mexico,1946,mexico,"Liga MX, Apertura",11621,liga-mx-apertura,Mazatlán FC,mazatlan-fc,mexico
Angel Leyva,Mexico,1946,mexico,"Liga MX, Apertura",11621,liga-mx-apertura,Mazatlán FC,mazatlan-fc,mexico
Christopher Castro,Mexico,1946,mexico,"Liga MX, Apertura",11621,liga-mx-apertura,Mazatlán FC,mazatlan-fc,mexico
Zaleta Oropeza Zaleta,,1946,mexico,"Liga MX, Apertura",11621,liga-mx-apertura,Mazatlán FC,mazatlan-fc,mexico
Brian Aguas,Mexico,1946,mexico,"Liga MX, Apertura",11621,liga-mx-apertura,Mazatlán FC,mazatlan-fc,mexico
Ricardo Gutierrez,Mexico,1946,mexico,"Liga MX, Apertura",11621,liga-mx-apertura,Mazatlán FC,mazatlan-fc,mexico
André Alcaraz,Mexico,1946,mexico,"Liga MX, Apertura",11621,liga-mx-apertura,Mazatlán FC,mazatlan-fc,mexico
Ricardo Rodríguez,Mexico,1946,mexico,"Liga MX, Apertura",11621,liga-mx-apertura,Mazatlán FC,mazatlan-fc,mexico
João Pedro Galvão,Italy,1950,mexico,"Liga MX, Apertura",11621,liga-mx-apertura,Atlético San Luis,atletico-san-luis,mexico
Léo Bonatini,Brazil,1950,mexico,"Liga MX, Apertura",11621,liga-mx-apertura,Atlético San Luis,atletico-san-luis,mexico
Yan Phillipe,Brazil,1950,mexico,"Liga MX, Apertura",11621,liga-mx-apertura,Atlético San Luis,atletico-san-luis,mexico
José de Jesús González,Mexico,1950,mexico,"Liga MX, Apertura",11621,liga-mx-apertura,Atlético San Luis,atletico-san-luis,mexico
Sebastian Martinez,,1950,mexico,"Liga MX, Apertura",11621,liga-mx-apertura,Atlético San Luis,atletico-san-luis,mexico
Fidel Barajas,Mexico,1950,mexico,"Liga MX, Apertura",11621,liga-mx-apertura,Atlético San Luis,atletico-san-luis,mexico
Mateo Klimowicz,Germany,1950,mexico,"Liga MX, Apertura",11621,liga-mx-apertura,Atlético San Luis,atletico-san-luis,mexico
Rodrigo Dourado,Brazil,1950,mexico,"Liga MX, Apertura",11621,liga-mx-apertura,Atlético San Luis,atletico-san-luis,mexico
Juan Manuel Sanabria,Uruguay,1950,mexico,"Liga MX, Apertura",11621,liga-mx-apertura,Atlético San Luis,atletico-san-luis,mexico
Sébastien Salles-Lamonge,France,1950,mexico,"Liga MX, Apertura",11621,liga-mx-apertura,Atlético San Luis,atletico-san-luis,mexico
Benjamín Galdames,Mexico,1950,mexico,"Liga MX, Apertura",11621,liga-mx-apertura,Atlético San Luis,atletico-san-luis,mexico
Sebastián Pérez Bouquet,Mexico,1950,mexico,"Liga MX, Apertura",11621,liga-mx-apertura,Atlético San Luis,atletico-san-luis,mexico
Luis Nájera,Mexico,1950,mexico,"Liga MX, Apertura",11621,liga-mx-apertura,Atlético San Luis,atletico-san-luis,mexico
Jonantan Villal,Mexico,1950,mexico,"Liga MX, Apertura",11621,liga-mx-apertura,Atlético San Luis,atletico-san-luis,mexico
Oscar Macías,Mexico,1950,mexico,"Liga MX, Apertura",11621,liga-mx-apertura,Atlético San Luis,atletico-san-luis,mexico
Jahaziel Marchand,Mexico,1950,mexico,"Liga MX, Apertura",11621,liga-mx-apertura,Atlético San Luis,atletico-san-luis,mexico
Miguel García Álvarez,Mexico,1950,mexico,"Liga MX, Apertura",11621,liga-mx-apertura,Atlético San Luis,atletico-san-luis,mexico
Juanpe,Spain,1950,mexico,"Liga MX, Apertura",11621,liga-mx-apertura,Atlético San Luis,atletico-san-luis,mexico
Javier Suárez,Venezuela,1950,mexico,"Liga MX, Apertura",11621,liga-mx-apertura,Atlético San Luis,atletico-san-luis,mexico
Eduardo Águila,Mexico,1950,mexico,"Liga MX, Apertura",11621,liga-mx-apertura,Atlético San Luis,atletico-san-luis,mexico
Julio César Domínguez,Mexico,1950,mexico,"Liga MX, Apertura",11621,liga-mx-apertura,Atlético San Luis,atletico-san-luis,mexico
Román Torres,Mexico,1950,mexico,"Liga MX, Apertura",11621,liga-mx-apertura,Atlético San Luis,atletico-san-luis,mexico
Aldo Cruz,Mexico,1950,mexico,"Liga MX, Apertura",11621,liga-mx-apertura,Atlético San Luis,atletico-san-luis,mexico
Gabriel Martínez,Mexico,1950,mexico,"Liga MX, Apertura",11621,liga-mx-apertura,Atlético San Luis,atletico-san-luis,mexico
Daniel Guillen,Mexico,1950,mexico,"Liga MX, Apertura",11621,liga-mx-apertura,Atlético San Luis,atletico-san-luis,mexico
Jose Suarez,Mexico,1950,mexico,"Liga MX, Apertura",11621,liga-mx-apertura,Atlético San Luis,atletico-san-luis,mexico
Roman Torres Acosta,Mexico,1950,mexico,"Liga MX, Apertura",11621,liga-mx-apertura,Atlético San Luis,atletico-san-luis,mexico
Andrés Sánchez,Mexico,1950,mexico,"Liga MX, Apertura",11621,liga-mx-apertura,Atlético San Luis,atletico-san-luis,mexico
Carlos Rodas,Mexico,1950,mexico,"Liga MX, Apertura",11621,liga-mx-apertura,Atlético San Luis,atletico-san-luis,mexico
Gibran Lajud,Mexico,1950,mexico,"Liga MX, Apertura",11621,liga-mx-apertura,Atlético San Luis,atletico-san-luis,mexico
Cesar Lopez,Mexico,1950,mexico,"Liga MX, Apertura",11621,liga-mx-apertura,Atlético San Luis,atletico-san-luis,mexico
Carlos Ozuna,,1950,mexico,"Liga MX, Apertura",11621,liga-mx-apertura,Atlético San Luis,atletico-san-luis,mexico
Uroš Đurđević,Montenegro,1949,mexico,"Liga MX, Apertura",11621,liga-mx-apertura,Atlas FC,atlas-fc,mexico
Diego González,Paraguay,1949,mexico,"Liga MX, Apertura",11621,liga-mx-apertura,Atlas FC,atlas-fc,mexico
Eduardo Aguirre,Mexico,1949,mexico,"Liga MX, Apertura",11621,liga-mx-apertura,Atlas FC,atlas-fc,mexico
Matías Cóccaro,Uruguay,1949,mexico,"Liga MX, Apertura",11621,liga-mx-apertura,Atlas FC,atlas-fc,mexico
Gustavo del Prete,Argentina,1949,mexico,"Liga MX, Apertura",11621,liga-mx-apertura,Atlas FC,atlas-fc,mexico
Mauro Manotas,Colombia,1949,mexico,"Liga MX, Apertura",11621,liga-mx-apertura,Atlas FC,atlas-fc,mexico
Arturo González,Mexico,1949,mexico,"Liga MX, Apertura",11621,liga-mx-apertura,Atlas FC,atlas-fc,mexico
Mateo García,Argentina,1949,mexico,"Liga MX, Apertura",11621,liga-mx-apertura,Atlas FC,atlas-fc,mexico
Aldo Rocha,Mexico,1949,mexico,"Liga MX, Apertura",11621,liga-mx-apertura,Atlas FC,atlas-fc,mexico
Jose Rivaldo Lozano,Mexico,1949,mexico,"Liga MX, Apertura",11621,liga-mx-apertura,Atlas FC,atlas-fc,mexico
Edyairth Ortega,Mexico,1949,mexico,"Liga MX, Apertura",11621,liga-mx-apertura,Atlas FC,atlas-fc,mexico
Alonso Ramirez,Mexico,1949,mexico,"Liga MX, Apertura",11621,liga-mx-apertura,Atlas FC,atlas-fc,mexico
Dória,Brazil,1949,mexico,"Liga MX, Apertura",11621,liga-mx-apertura,Atlas FC,atlas-fc,mexico
Gustavo Ferrareis,Brazil,1949,mexico,"Liga MX, Apertura",11621,liga-mx-apertura,Atlas FC,atlas-fc,mexico
Róber Pier,Spain,1949,mexico,"Liga MX, Apertura",11621,liga-mx-apertura,Atlas FC,atlas-fc,mexico
Jorge Rodríguez,Mexico,1949,mexico,"Liga MX, Apertura",11621,liga-mx-apertura,Atlas FC,atlas-fc,mexico
Gaddi Aguirre,Mexico,1949,mexico,"Liga MX, Apertura",11621,liga-mx-apertura,Atlas FC,atlas-fc,mexico
Edgar Zaldívar,Mexico,1949,mexico,"Liga MX, Apertura",11621,liga-mx-apertura,Atlas FC,atlas-fc,mexico
Carlos Orrantia,Mexico,1949,mexico,"Liga MX, Apertura",11621,liga-mx-apertura,Atlas FC,atlas-fc,mexico
Carlos Robles,Mexico,1949,mexico,"Liga MX, Apertura",11621,liga-mx-apertura,Atlas FC,atlas-fc,mexico
Camilo Vargas,Colombia,1949,mexico,"Liga MX, Apertura",11621,liga-mx-apertura,Atlas FC,atlas-fc,mexico
César Ramos,Mexico,1949,mexico,"Liga MX, Apertura",11621,liga-mx-apertura,Atlas FC,atlas-fc,mexico
Antonio Sánchez,Mexico,1949,mexico,"Liga MX, Apertura",11621,liga-mx-apertura,Atlas FC,atlas-fc,mexico
Diber Cambindo,Colombia,1944,mexico,"Liga MX, Apertura",11621,liga-mx-apertura,Club Necaxa,club-necaxa,mexico
Tomás Badaloni,Argentina,1944,mexico,"Liga MX, Apertura",11621,liga-mx-apertura,Club Necaxa,club-necaxa,mexico
Ricardo Monreal,Mexico,1944,mexico,"Liga MX, Apertura",11621,liga-mx-apertura,Club Necaxa,club-necaxa,mexico
Rogelio Cortéz Pineda,Mexico,1944,mexico,"Liga MX, Apertura",11621,liga-mx-apertura,Club Necaxa,club-necaxa,mexico
Agustín Palavecino,Argentina,1944,mexico,"Liga MX, Apertura",11621,liga-mx-apertura,Club Necaxa,club-necaxa,mexico
Johan Rojas,Colombia,1944,mexico,"Liga MX, Apertura",11621,liga-mx-apertura,Club Necaxa,club-necaxa,mexico
Kevin Rosero,Colombia,1944,mexico,"Liga MX, Apertura",11621,liga-mx-apertura,Club Necaxa,club-necaxa,mexico
Raúl Sánchez,Spain,1944,mexico,"Liga MX, Apertura",11621,liga-mx-apertura,Club Necaxa,club-necaxa,mexico
Diego de Buen,Mexico,1944,mexico,"Liga MX, Apertura",11621,liga-mx-apertura,Club Necaxa,club-necaxa,mexico
Diego Gómez,Mexico,1944,mexico,"Liga MX, Apertura",11621,liga-mx-apertura,Club Necaxa,club-necaxa,mexico
Alejandro Andrade,Mexico,1944,mexico,"Liga MX, Apertura",11621,liga-mx-apertura,Club Necaxa,club-necaxa,mexico
Pavel Perez,,1944,mexico,"Liga MX, Apertura",11621,liga-mx-apertura,Club Necaxa,club-necaxa,mexico
Tomas Jacob,,1944,mexico,"Liga MX, Apertura",11621,liga-mx-apertura,Club Necaxa,club-necaxa,mexico
Cristian Calderón,Mexico,1944,mexico,"Liga MX, Apertura",11621,liga-mx-apertura,Club Necaxa,club-necaxa,mexico
Jesus Alcantar,Mexico,1944,mexico,"Liga MX, Apertura",11621,liga-mx-apertura,Club Necaxa,club-necaxa,mexico
Agustín Oliveros,Uruguay,1944,mexico,"Liga MX, Apertura",11621,liga-mx-apertura,Club Necaxa,club-necaxa,mexico
Alexis Peña,Mexico,1944,mexico,"Liga MX, Apertura",11621,liga-mx-apertura,Club Necaxa,club-necaxa,mexico
Emilio Martinez,Mexico,1944,mexico,"Liga MX, Apertura",11621,liga-mx-apertura,Club Necaxa,club-necaxa,mexico
Franco Rossano,Mexico,1944,mexico,"Liga MX, Apertura",11621,liga-mx-apertura,Club Necaxa,club-necaxa,mexico
Ezequiel Unsaín,Argentina,1944,mexico,"Liga MX, Apertura",11621,liga-mx-apertura,Club Necaxa,club-necaxa,mexico
Rodrigo Castañeda,Mexico,1944,mexico,"Liga MX, Apertura",11621,liga-mx-apertura,Club Necaxa,club-necaxa,mexico
Javier Hernández,Mexico,1938,mexico,"Liga MX, Apertura",11621,liga-mx-apertura,CD Guadalajara,cd-guadalajara,mexico
Cade Cowell,USA,1938,mexico,"Liga MX, Apertura",11621,liga-mx-apertura,CD Guadalajara,cd-guadalajara,mexico
Alan Pulido,Mexico,1938,mexico,"Liga MX, Apertura",11621,liga-mx-apertura,CD Guadalajara,cd-guadalajara,mexico
Armando González,Mexico,1938,mexico,"Liga MX, Apertura",11621,liga-mx-apertura,CD Guadalajara,cd-guadalajara,mexico
Yael Padilla,Mexico,1938,mexico,"Liga MX, Apertura",11621,liga-mx-apertura,CD Guadalajara,cd-guadalajara,mexico
Teun Wilke,Mexico,1938,mexico,"Liga MX, Apertura",11621,liga-mx-apertura,CD Guadalajara,cd-guadalajara,mexico
Roberto Alvarado,Mexico,1938,mexico,"Liga MX, Apertura",11621,liga-mx-apertura,CD Guadalajara,cd-guadalajara,mexico
Érick Gutiérrez,Mexico,1938,mexico,"Liga MX, Apertura",11621,liga-mx-apertura,CD Guadalajara,cd-guadalajara,mexico
Efrain Alvarez,Mexico,1938,mexico,"Liga MX, Apertura",11621,liga-mx-apertura,CD Guadalajara,cd-guadalajara,mexico
Luis Romo,Mexico,1938,mexico,"Liga MX, Apertura",11621,liga-mx-apertura,CD Guadalajara,cd-guadalajara,mexico
Omar Govea,Mexico,1938,mexico,"Liga MX, Apertura",11621,liga-mx-apertura,CD Guadalajara,cd-guadalajara,mexico
Isaac Brizuela,Mexico,1938,mexico,"Liga MX, Apertura",11621,liga-mx-apertura,CD Guadalajara,cd-guadalajara,mexico
Fernando González,Mexico,1938,mexico,"Liga MX, Apertura",11621,liga-mx-apertura,CD Guadalajara,cd-guadalajara,mexico
Diego Campillo,Mexico,1938,mexico,"Liga MX, Apertura",11621,liga-mx-apertura,CD Guadalajara,cd-guadalajara,mexico
Richard Ledezma,USA,1938,mexico,"Liga MX, Apertura",11621,liga-mx-apertura,CD Guadalajara,cd-guadalajara,mexico
Bryan González,Mexico,1938,mexico,"Liga MX, Apertura",11621,liga-mx-apertura,CD Guadalajara,cd-guadalajara,mexico
Alan Mozo,Mexico,1938,mexico,"Liga MX, Apertura",11621,liga-mx-apertura,CD Guadalajara,cd-guadalajara,mexico
Gilberto Sepúlveda,Mexico,1938,mexico,"Liga MX, Apertura",11621,liga-mx-apertura,CD Guadalajara,cd-guadalajara,mexico
José Castillo,Mexico,1938,mexico,"Liga MX, Apertura",11621,liga-mx-apertura,CD Guadalajara,cd-guadalajara,mexico
Miguel Tapias,Mexico,1938,mexico,"Liga MX, Apertura",11621,liga-mx-apertura,CD Guadalajara,cd-guadalajara,mexico
Leonardo Sepulveda,Mexico,1938,mexico,"Liga MX, Apertura",11621,liga-mx-apertura,CD Guadalajara,cd-guadalajara,mexico
Luis Olivas,Mexico,1938,mexico,"Liga MX, Apertura",11621,liga-mx-apertura,CD Guadalajara,cd-guadalajara,mexico
Miguel Gómez,Mexico,1938,mexico,"Liga MX, Apertura",11621,liga-mx-apertura,CD Guadalajara,cd-guadalajara,mexico
Raúl Rangel,Mexico,1938,mexico,"Liga MX, Apertura",11621,liga-mx-apertura,CD Guadalajara,cd-guadalajara,mexico
Óscar Whalley,Spain,1938,mexico,"Liga MX, Apertura",11621,liga-mx-apertura,CD Guadalajara,cd-guadalajara,mexico
Eduardo García,Mexico,1938,mexico,"Liga MX, Apertura",11621,liga-mx-apertura,CD Guadalajara,cd-guadalajara,mexico
Ali Ávila,Mexico,1951,mexico,"Liga MX, Apertura",11621,liga-mx-apertura,Querétaro FC,queretaro-fc,mexico
Bruce El-mesmari,Mexico,1951,mexico,"Liga MX, Apertura",11621,liga-mx-apertura,Querétaro FC,queretaro-fc,mexico
Luis Gutierrez,Mexico,1951,mexico,"Liga MX, Apertura",11621,liga-mx-apertura,Querétaro FC,queretaro-fc,mexico
Daniel López,Mexico,1951,mexico,"Liga MX, Apertura",11621,liga-mx-apertura,Querétaro FC,queretaro-fc,mexico
Jesus Hernandez,,1951,mexico,"Liga MX, Apertura",11621,liga-mx-apertura,Querétaro FC,queretaro-fc,mexico
Santiago Homenchenko,Uruguay,1951,mexico,"Liga MX, Apertura",11621,liga-mx-apertura,Querétaro FC,queretaro-fc,mexico
Jhojan Julio,Ecuador,1951,mexico,"Liga MX, Apertura",11621,liga-mx-apertura,Querétaro FC,queretaro-fc,mexico
Lucas Rodríguez,Argentina,1951,mexico,"Liga MX, Apertura",11621,liga-mx-apertura,Querétaro FC,queretaro-fc,mexico
Pablo Barrera,Mexico,1951,mexico,"Liga MX, Apertura",11621,liga-mx-apertura,Querétaro FC,queretaro-fc,mexico
Rodrigo Bogarín,Paraguay,1951,mexico,"Liga MX, Apertura",11621,liga-mx-apertura,Querétaro FC,queretaro-fc,mexico
Fernando Valenzuela,Argentina,1951,mexico,"Liga MX, Apertura",11621,liga-mx-apertura,Querétaro FC,queretaro-fc,mexico
Federico Lértora,Argentina,1951,mexico,"Liga MX, Apertura",11621,liga-mx-apertura,Querétaro FC,queretaro-fc,mexico
Ángel Zapata,Mexico,1951,mexico,"Liga MX, Apertura",11621,liga-mx-apertura,Querétaro FC,queretaro-fc,mexico
Carlo Adriano García,Spain,1951,mexico,"Liga MX, Apertura",11621,liga-mx-apertura,Querétaro FC,queretaro-fc,mexico
Eduardo Armenta,Mexico,1951,mexico,"Liga MX, Apertura",11621,liga-mx-apertura,Querétaro FC,queretaro-fc,mexico
Edson Partida,Mexico,1951,mexico,"Liga MX, Apertura",11621,liga-mx-apertura,Querétaro FC,queretaro-fc,mexico
Fernando Gonzalez,Mexico,1951,mexico,"Liga MX, Apertura",11621,liga-mx-apertura,Querétaro FC,queretaro-fc,mexico
Diego Reyes,Mexico,1951,mexico,"Liga MX, Apertura",11621,liga-mx-apertura,Querétaro FC,queretaro-fc,mexico
Jonathan Perlaza,Ecuador,1951,mexico,"Liga MX, Apertura",11621,liga-mx-apertura,Querétaro FC,queretaro-fc,mexico
Francisco Venegas,Mexico,1951,mexico,"Liga MX, Apertura",11621,liga-mx-apertura,Querétaro FC,queretaro-fc,mexico
Omar Mendoza,Mexico,1951,mexico,"Liga MX, Apertura",11621,liga-mx-apertura,Querétaro FC,queretaro-fc,mexico
Jesús Piñuelas,Mexico,1951,mexico,"Liga MX, Apertura",11621,liga-mx-apertura,Querétaro FC,queretaro-fc,mexico
Oscar Manzanares,Mexico,1951,mexico,"Liga MX, Apertura",11621,liga-mx-apertura,Querétaro FC,queretaro-fc,mexico
Jaime Gomez,Mexico,1951,mexico,"Liga MX, Apertura",11621,liga-mx-apertura,Querétaro FC,queretaro-fc,mexico
Carlos Villanueva,Mexico,1951,mexico,"Liga MX, Apertura",11621,liga-mx-apertura,Querétaro FC,queretaro-fc,mexico
Alan Velez Ramirez,Mexico,1951,mexico,"Liga MX, Apertura",11621,liga-mx-apertura,Querétaro FC,queretaro-fc,mexico
José Hernández,Mexico,1951,mexico,"Liga MX, Apertura",11621,liga-mx-apertura,Querétaro FC,queretaro-fc,mexico
Guillermo Allison,Mexico,1951,mexico,"Liga MX, Apertura",11621,liga-mx-apertura,Querétaro FC,queretaro-fc,mexico
Emiliano Gómez,Uruguay,1941,mexico,"Liga MX, Apertura",11621,liga-mx-apertura,Club Puebla,club-puebla,mexico
Ricardo Marín,Mexico,1941,mexico,"Liga MX, Apertura",11621,liga-mx-apertura,Club Puebla,club-puebla,mexico
Esteban Lozano,Mexico,1941,mexico,"Liga MX, Apertura",11621,liga-mx-apertura,Club Puebla,club-puebla,mexico
Lucas Cavallini,Canada,1941,mexico,"Liga MX, Apertura",11621,liga-mx-apertura,Club Puebla,club-puebla,mexico
Walter Portales,USA,1941,mexico,"Liga MX, Apertura",11621,liga-mx-apertura,Club Puebla,club-puebla,mexico
Ángelo Araos,Chile,1941,mexico,"Liga MX, Apertura",11621,liga-mx-apertura,Club Puebla,club-puebla,mexico
Edgar Guerra,Colombia,1941,mexico,"Liga MX, Apertura",11621,liga-mx-apertura,Club Puebla,club-puebla,mexico
Miguel Ramírez,Mexico,1941,mexico,"Liga MX, Apertura",11621,liga-mx-apertura,Club Puebla,club-puebla,mexico
Owen González,Mexico,1941,mexico,"Liga MX, Apertura",11621,liga-mx-apertura,Club Puebla,club-puebla,mexico
Ariel Gamarra,Paraguay,1941,mexico,"Liga MX, Apertura",11621,liga-mx-apertura,Club Puebla,club-puebla,mexico
Franco Moyano,Argentina,1941,mexico,"Liga MX, Apertura",11621,liga-mx-apertura,Club Puebla,club-puebla,mexico
Bryan Garnica,Mexico,1941,mexico,"Liga MX, Apertura",11621,liga-mx-apertura,Club Puebla,club-puebla,mexico
Raúl Castillo,Mexico,1941,mexico,"Liga MX, Apertura",11621,liga-mx-apertura,Club Puebla,club-puebla,mexico
Alejandro Organista,Mexico,1941,mexico,"Liga MX, Apertura",11621,liga-mx-apertura,Club Puebla,club-puebla,mexico
Ángel Robles,Mexico,1941,mexico,"Liga MX, Apertura",11621,liga-mx-apertura,Club Puebla,club-puebla,mexico
Carlos Baltazar,Mexico,1941,mexico,"Liga MX, Apertura",11621,liga-mx-apertura,Club Puebla,club-puebla,mexico
Fernando Monarrez,Mexico,1941,mexico,"Liga MX, Apertura",11621,liga-mx-apertura,Club Puebla,club-puebla,mexico
Joan Marko Nungaray De La Parra,Mexico,1941,mexico,"Liga MX, Apertura",11621,liga-mx-apertura,Club Puebla,club-puebla,mexico
Nicolás Díaz,Chile,1941,mexico,"Liga MX, Apertura",11621,liga-mx-apertura,Club Puebla,club-puebla,mexico
Jesús Rivas,Mexico,1941,mexico,"Liga MX, Apertura",11621,liga-mx-apertura,Club Puebla,club-puebla,mexico
Iker Moreno,Mexico,1941,mexico,"Liga MX, Apertura",11621,liga-mx-apertura,Club Puebla,club-puebla,mexico
Efrain Orona,Mexico,1941,mexico,"Liga MX, Apertura",11621,liga-mx-apertura,Club Puebla,club-puebla,mexico
Juan Fedorco,Argentina,1941,mexico,"Liga MX, Apertura",11621,liga-mx-apertura,Club Puebla,club-puebla,mexico
Luis Rey,Mexico,1941,mexico,"Liga MX, Apertura",11621,liga-mx-apertura,Club Puebla,club-puebla,mexico
Julio González,Mexico,1941,mexico,"Liga MX, Apertura",11621,liga-mx-apertura,Club Puebla,club-puebla,mexico
Jesús Rodríguez,Mexico,1941,mexico,"Liga MX, Apertura",11621,liga-mx-apertura,Club Puebla,club-puebla,mexico
Juan Pablo Gomez,Mexico,1941,mexico,"Liga MX, Apertura",11621,liga-mx-apertura,Club Puebla,club-puebla,mexico
